{
  "id": "1923620",
  "name": "taobao",
  "font_family": "iconfont",
  "css_prefix_text": "icon-",
  "description": "",
  "glyphs": [
    {
      "icon_id": "853083",
      "name": "房子",
      "font_class": "fangzi",
      "unicode": "e6d3",
      "unicode_decimal": 59091
    },
    {
      "icon_id": "2119231",
      "name": "房子",
      "font_class": "fangzi1",
      "unicode": "e6d5",
      "unicode_decimal": 59093
    },
    {
      "icon_id": "2681678",
      "name": "待收货",
      "font_class": "daishouhuo",
      "unicode": "e604",
      "unicode_decimal": 58884
    },
    {
      "icon_id": "5217173",
      "name": "画板画笔",
      "font_class": "huabanhuabi",
      "unicode": "e620",
      "unicode_decimal": 58912
    },
    {
      "icon_id": "7090062",
      "name": "售后",
      "font_class": "shouhou",
      "unicode": "e713",
      "unicode_decimal": 59155
    },
    {
      "icon_id": "397719",
      "name": "喜欢，收藏",
      "font_class": "shoucang",
      "unicode": "e614",
      "unicode_decimal": 58900
    },
    {
      "icon_id": "577377",
      "name": "旺旺",
      "font_class": "wangwang",
      "unicode": "e75c",
      "unicode_decimal": 59228
    },
    {
      "icon_id": "1212295",
      "name": "店铺",
      "font_class": "dianpu",
      "unicode": "e668",
      "unicode_decimal": 58984
    },
    {
      "icon_id": "7874517",
      "name": "收藏",
      "font_class": "shoucang1",
      "unicode": "e609",
      "unicode_decimal": 58889
    },
    {
      "icon_id": "11215263",
      "name": "more",
      "font_class": "more",
      "unicode": "e700",
      "unicode_decimal": 59136
    },
    {
      "icon_id": "1554897",
      "name": "菜单",
      "font_class": "caidan",
      "unicode": "e606",
      "unicode_decimal": 58886
    },
    {
      "icon_id": "780044",
      "name": "红包",
      "font_class": "hongbao",
      "unicode": "e6da",
      "unicode_decimal": 59098
    },
    {
      "icon_id": "6265007",
      "name": "扫描",
      "font_class": "scan-line",
      "unicode": "e640",
      "unicode_decimal": 58944
    },
    {
      "icon_id": "2621",
      "name": "微淘",
      "font_class": "weitao",
      "unicode": "e600",
      "unicode_decimal": 58880
    },
    {
      "icon_id": "1687154",
      "name": "我的",
      "font_class": "ziyuan",
      "unicode": "e621",
      "unicode_decimal": 58913
    },
    {
      "icon_id": "5756004",
      "name": "消息",
      "font_class": "xiaoxi",
      "unicode": "e623",
      "unicode_decimal": 58915
    },
    {
      "icon_id": "8875500",
      "name": "购物车",
      "font_class": "gouwuche",
      "unicode": "e65d",
      "unicode_decimal": 58973
    },
    {
      "icon_id": "11124956",
      "name": "首页",
      "font_class": "1",
      "unicode": "e613",
      "unicode_decimal": 58899
    },
    {
      "icon_id": "15559700",
      "name": "淘宝",
      "font_class": "shejiaotubiao-44",
      "unicode": "e648",
      "unicode_decimal": 58952
    }
  ]
}
